id,name,slug,path,level,has_subcategories,item_count,image_url
8e0a9b3e142e41a0a45dd568,Meyvə və Tərəvəz Məhsulları,meyv-v-trvz-mhsullar-2,Meyvə və Tərəvəz Məhsulları,0,True,0,https://wolt-menu-images-cdn.wolt.com/menu-images/690371862846c5de1fc76190/44d5b3e0-c495-11f0-b7ed-c638282f932e_meyv__v__t_r_v_zl_r.png
dbfe806ec1c2deda35f24e09,Meyvələr,meyvlr-3,Meyvə və Tərəvəz Məhsulları/Meyvələr,0,False,0,https://wolt-menu-images-cdn.wolt.com/menu-images/66348f21f221b23d85139cf6/4919c036-0920-11ef-92c2-72c92ebe6cd4_350074.jpg
ee36f4027fac89150c95e721,Tərəvəzlər,trvzlr-4,Meyvə və Tərəvəz Məhsulları/Tərəvəzlər,0,False,0,https://wolt-menu-images-cdn.wolt.com/menu-images/66348f21f221b23d85139cf6/50522bfc-0927-11ef-aec3-16088b406a15_235405.jpg
473c852d8bfec573832d64d3,Ət və Toyuq Məhsulları,t-v-toyuq-mhsullar-6,Ət və Toyuq Məhsulları,0,True,0,https://wolt-menu-images-cdn.wolt.com/menu-images/690371862846c5de1fc76190/1df4c898-c499-11f0-8bcd-fef2875c6a20_t_z___t_v__toyuq_m_hsullar_.png
52bb794c8a7043bb6ea80623,Toyuq Məhsulları,toyuq-mhsullar-8,Ət və Toyuq Məhsulları/Toyuq Məhsulları,0,False,0,https://wolt-menu-images-cdn.wolt.com/menu-images/66348f21f221b23d85139cf6/a3c3f9e6-0927-11ef-9e10-2ee000feb432_247272.jpg
23c40d36b18072fd1376416b,Delikates Məhsulları,delikates-mhsullar-9,Delikates Məhsulları,0,True,0,https://wolt-menu-images-cdn.wolt.com/menu-images/690371862846c5de1fc76190/40b8f502-c499-11f0-b2ee-aa30cd5ba657_delikates_m_hsullar.png
5714dbaada5da784e5292766,Kolbasalar,kolbasalar-10,Delikates Məhsulları/Kolbasalar,0,False,0,https://wolt-menu-images-cdn.wolt.com/menu-images/66348f21f221b23d85139cf6/dea50324-0923-11ef-823a-3ee8389cf23c_632663.jpg
badcade87d5c819fddc131fe,Sosislər,sosislr-11,Delikates Məhsulları/Sosislər,0,False,0,https://wolt-menu-images-cdn.wolt.com/menu-images/66348f21f221b23d85139cf6/bdd660b8-0ba6-11ef-8edd-86252ba41d68_216394.jpg
461457137c51727b398946f1,Yumurtalar,yumurtalar-13,Yumurtalar,0,False,0,https://wolt-menu-images-cdn.wolt.com/menu-images/690371862846c5de1fc76190/9a3361ea-c498-11f0-89c2-feddb86975b7_yumurtalar.png
200d0a15f42472453b66ee95,Dondurulmuş Məhsullar,dondurulmus-mhsullar-14,Dondurulmuş Məhsullar,0,True,0,https://wolt-menu-images-cdn.wolt.com/menu-images/690371862846c5de1fc76190/17b92652-c49b-11f0-ba44-7ab8363d7902_dondurulmus__m_hsullar.png
c7d8476a420bbcd0c8fe3a3e,Dondurmalar,dondurmalar-15,Dondurulmuş Məhsullar/Dondurmalar,0,False,0,https://wolt-menu-images-cdn.wolt.com/menu-images/66348f21f221b23d85139cf6/44264556-0ba8-11ef-b497-ee7dfef0e6c5_593274.jpg
cc858d74745f4c9725aaccdc,Dondurulmuş Meyvə və Tərəvəzlər,dondurulmus-meyv-v-trvzlr-16,Dondurulmuş Məhsullar/Dondurulmuş Meyvə və Tərəvəzlər,0,False,0,https://wolt-menu-images-cdn.wolt.com/menu-images/66348f21f221b23d85139cf6/d8500764-0921-11ef-a4b0-32183569e48f_518900.jpg
2a3606fbbf650d89168dffa9,Dondurulmuş Hazır Ət və Toyuq Yeməkləri,dondurulmus-hazr-t-v-toyuq-yemklri-17,Dondurulmuş Məhsullar/Dondurulmuş Hazır Ət və Toyuq Yeməkləri,0,False,0,https://wolt-menu-images-cdn.wolt.com/menu-images/66348f21f221b23d85139cf6/0f824362-0929-11ef-b92a-8a92e9e5950d_334267.jpg
5b4e555f41af3b3c10116955,Dondurulmuş Hazır Xəmir Yeməkləri,dondurulmus-hazr-xmir-yemklri-18,Dondurulmuş Məhsullar/Dondurulmuş Hazır Xəmir Yeməkləri,0,False,0,https://wolt-menu-images-cdn.wolt.com/menu-images/66348f21f221b23d85139cf6/6f9b95c6-0ba6-11ef-b5bc-d28da8849022_209146.jpg
b76887d4c5974850564f741b,Dondurulmuş Kartof Məhsulları,dondurulmus-kartof-mhsullar-19,Dondurulmuş Məhsullar/Dondurulmuş Kartof Məhsulları,0,False,0,https://wolt-menu-images-cdn.wolt.com/menu-images/66f6a23f86a34ceec78687fc/7529b8e8-920a-11ef-bf1a-a625ad4fac7e_411004.jpg
a05b2f747298c5a95272a6e0,Dondurulmuş Pizzalar,dondurulmus-pizzalar-20,Dondurulmuş Məhsullar/Dondurulmuş Pizzalar,0,False,0,https://wolt-menu-images-cdn.wolt.com/menu-images/672b2063a6c24d27db115384/d5c611bc-beb8-11ef-83ee-4eab236c25f3_8690527111260.jpg
5dcbfeccbb5dc42e98107473,Dondurulmuş Desertlər,dondurulmus-desertlr-21,Dondurulmuş Məhsullar/Dondurulmuş Desertlər,0,False,0,https://wolt-menu-images-cdn.wolt.com/menu-images/66f6a23f86a34ceec78687fc/1ebde9d2-920c-11ef-9d12-2e2cd22fe05b_649009.jpg
d3e37d0b974498f519285778,Dondurulmuş Xəmirlər,dondurulmus-xmirlr-22,Dondurulmuş Məhsullar/Dondurulmuş Xəmirlər,0,False,0,https://wolt-menu-images-cdn.wolt.com/menu-images/shared/ed939190-2fc8-11ef-b022-0a9e3ab1980e_8690612501976_photoroom.jpg
cf3c9a7d9687ca836a882f60,Süd Məhsulları,sud-mhsullar-23,Süd Məhsulları,0,True,0,https://wolt-menu-images-cdn.wolt.com/menu-images/690371862846c5de1fc76190/6de1776c-c498-11f0-b7ee-cec5c72f181b_su_d_m_hsullar_.png
7efcc9240e094ba1bffe0bda,Kərə Yağı və Bitki Tərkibli Yağlar,kr-yag-v-bitki-trkibli-yaglar-24,Süd Məhsulları/Kərə Yağı və Bitki Tərkibli Yağlar,0,False,0,https://wolt-menu-images-cdn.wolt.com/menu-images/672b2063a6c24d27db115384/504bc772-6857-11f0-a7d4-0ec65cdb3235_wmx_s_111111.jpg
417ba3bb8b6b3f562cb4eab8,Pendirlər,pendirlr-25,Süd Məhsulları/Pendirlər,0,False,0,https://wolt-menu-images-cdn.wolt.com/menu-images/66348f21f221b23d85139cf6/390be9b0-6129-11ef-8b56-f619db729f0d_11111.png
5ecd504eb2258b575f323b7a,Mayonezlər,mayonezlr-26,Süd Məhsulları/Mayonezlər,0,False,0,https://wolt-menu-images-cdn.wolt.com/menu-images/66348f21f221b23d85139cf6/ceec600a-0ba6-11ef-8b53-8a86b91cb192_218812.jpg
23444cb82e3cba39bb51e6d0,Qaymaqlar,qaymaqlar-27,Süd Məhsulları/Qaymaqlar,0,False,0,https://wolt-menu-images-cdn.wolt.com/menu-images/66348f21f221b23d85139cf6/f645b9b2-0ba6-11ef-aff2-de73be42a0a1_251068.jpg
b09630338c6fa2c10b604b93,"Kəsmik, Şor və Labne Pendirlər",ksmik-sor-v-labne-pendirlr-28,"Süd Məhsulları/Kəsmik, Şor və Labne Pendirlər",0,False,0,https://wolt-menu-images-cdn.wolt.com/menu-images/672b2063a6c24d27db115384/0016db18-1120-11f0-8272-d60615bb4011_image_photoroom.jpg
8b5f93039f3d3eb3bee4237e,Yoqurt və Kokteyllər,yoqurt-v-kokteyllr-29,Süd Məhsulları/Yoqurt və Kokteyllər,0,False,0,https://wolt-menu-images-cdn.wolt.com/menu-images/66348f21f221b23d85139cf6/1aacddaa-0c54-11ef-8587-be174af9d6f8_284287.jpg
f29cbbf6bae77fe31d820d00,Xamalar,xamalar-30,Süd Məhsulları/Xamalar,0,False,0,https://wolt-menu-images-cdn.wolt.com/menu-images/shared/f7429b50-24c4-11ef-a4ac-5e4503ea9f14_smetana_svalya_litouwen_cre_me_fraiche_22_vet_200gr._1000x1000.jpg
2a0a23863d793afc4036a4a7,Qatıqlar,qatqlar-31,Süd Məhsulları/Qatıqlar,0,False,0,https://wolt-menu-images-cdn.wolt.com/menu-images/66348f21f221b23d85139cf6/10855f54-0926-11ef-9a79-8a92e9e5950d_218786.jpg
d500128cdb77dae44a1ffb57,Sıroklar və Donmuş Qəlyanaltılar,sroklar-v-donmus-qlyanaltlar-32,Süd Məhsulları/Sıroklar və Donmuş Qəlyanaltılar,0,False,0,https://wolt-menu-images-cdn.wolt.com/menu-images/66348f21f221b23d85139cf6/c5d8783c-0921-11ef-876b-623377adb5c6_510763.jpg
acfd674ba6e374e211876e24,Südlər,sudlr-33,Süd Məhsulları/Südlər,0,False,0,https://wolt-menu-images-cdn.wolt.com/menu-images/66348f21f221b23d85139cf6/0cc2d9dc-0926-11ef-aa5e-22d6e8de5ca5_218776.jpg
3adeeade7c479506fe165a89,"Ayran, Kefir və Dovğalar",ayran-kefir-v-dovgalar-34,"Süd Məhsulları/Ayran, Kefir və Dovğalar",0,False,0,https://wolt-menu-images-cdn.wolt.com/menu-images/672b2063a6c24d27db115384/5c3e0306-3567-11f0-a40d-f29304fba88b_208830.jpg
c5b644056125388ad25dff46,Dəniz Məhsulları və Balıqlar,dniz-mhsullar-v-balqlar-35,Dəniz Məhsulları və Balıqlar,0,True,0,https://wolt-menu-images-cdn.wolt.com/menu-images/690371862846c5de1fc76190/2832d322-c499-11f0-b7ee-cec5c72f181b_d_niz_m_hsullar__v__his__verilmis__bal_qlar.png
a17feb454016e4ad8da75227,Balıqlar,balqlar-36,Dəniz Məhsulları və Balıqlar/Balıqlar,0,False,0,https://wolt-menu-images-cdn.wolt.com/menu-images/66348f21f221b23d85139cf6/62f2efb8-1371-11ef-9e7b-be3822b251ee_11111.png
479124a0ef5288ea85f7f785,Hisə Verilmiş Balıqlar,his-verilmis-balqlar-37,Dəniz Məhsulları və Balıqlar/Hisə Verilmiş Balıqlar,0,False,0,https://wolt-menu-images-cdn.wolt.com/menu-images/shared/ceda43fa-28b8-11ef-a526-3a6689601a5b_image_photoroom___2024_06_12t163925.660.jpg
2b0ffe8cd0ca778941bf2fac,Digər Dəniz Məhsulları,digr-dniz-mhsullar-38,Dəniz Məhsulları və Balıqlar/Digər Dəniz Məhsulları,0,False,0,https://wolt-menu-images-cdn.wolt.com/menu-images/672b2063a6c24d27db115384/09dfac2a-4e96-11f0-acf3-cabef6d94732_752801.jpg
a7e4fd8ae8948bac7529982d,Dondurulmuş Dəniz Məhsulları,dondurulmus-dniz-mhsullar-39,Dəniz Məhsulları və Balıqlar/Dondurulmuş Dəniz Məhsulları,0,False,0,https://wolt-menu-images-cdn.wolt.com/menu-images/672b2063a6c24d27db115384/cd67a2bc-3567-11f0-a343-baede7a3fa14_278492.jpg
33372f7d6b58feb72595dceb,Duru Yağlar və Sirkələr,duru-yaglar-v-sirklr-40,Duru Yağlar və Sirkələr,0,True,0,https://wolt-menu-images-cdn.wolt.com/menu-images/690371862846c5de1fc76190/fdc90bd0-c496-11f0-af36-c638282f932e_duru_yag_lar_v__sirk_l_r.png
b4e755fcd593da9497ccf88c,Günəbaxan Yağları,gunbaxan-yaglar-41,Duru Yağlar və Sirkələr/Günəbaxan Yağları,0,False,0,https://wolt-menu-images-cdn.wolt.com/menu-images/66348f21f221b23d85139cf6/2d13c058-0925-11ef-a993-6e137a3e0c5f_210692.jpg
e95ad860d26a83833c098f2c,Qarğıdalı Yağları,qargdal-yaglar-42,Duru Yağlar və Sirkələr/Qarğıdalı Yağları,0,False,0,https://wolt-menu-images-cdn.wolt.com/menu-images/shared/e89e2dec-ccff-11ef-be45-e21d70468426_corn_oil_1_l_photoroom.jpg
60a9b30128569ef27754d5e7,Zeytun Yağları,zeytun-yaglar-43,Duru Yağlar və Sirkələr/Zeytun Yağları,0,False,0,https://wolt-menu-images-cdn.wolt.com/menu-images/66348f21f221b23d85139cf6/52bdfe3a-0c55-11ef-8151-16b22f2d7a01_498753.jpg
b44cfd1160d1551a3867c35e,Sirkələr,sirklr-44,Duru Yağlar və Sirkələr/Sirkələr,0,False,0,https://wolt-menu-images-cdn.wolt.com/menu-images/66348f21f221b23d85139cf6/3f53dddc-0927-11ef-aa1e-16b5d6efcecb_233898.jpg
8cac931050c36a71c64070d7,Limon Şirələri,limon-sirlri-45,Duru Yağlar və Sirkələr/Limon Şirələri,0,False,0,https://wolt-menu-images-cdn.wolt.com/menu-images/66348f21f221b23d85139cf6/3d88a634-0c53-11ef-9673-12ac6c02a0a7_210810.jpg
872116b430496c630441a47a,Çörəklər və Un Məmulatları,corklr-v-un-mmulatlar-46,Çörəklər və Un Məmulatları,0,True,0,https://wolt-menu-images-cdn.wolt.com/menu-images/690371862846c5de1fc76190/7aed80b8-c498-11f0-9420-323e7ca0f1b4_c_o_r_kl_r_v__un_m_mulatlar_.png
54f26dd683d33f0cafb5c7a2,Fabrik Çörəkləri,fabrik-corklri-49,Çörəklər və Un Məmulatları/Fabrik Çörəkləri,0,False,0,https://wolt-menu-images-cdn.wolt.com/menu-images/672b2063a6c24d27db115384/697658fe-79b7-11f0-8e70-0a8aa0f69305_alman_c_o_r_yi_photoroom.jpg
bd64922ac8a70ce15d22b79a,Lavaşlar,lavaslar-50,Çörəklər və Un Məmulatları/Lavaşlar,0,False,0,https://wolt-menu-images-cdn.wolt.com/menu-images/66348f21f221b23d85139cf6/3a525098-0927-11ef-9075-ee12eac5ee60_231258.jpg
3a5bfc0ab0cdd57ddb7afb1f,Zavod Çörəkləri,zavod-corklri-51,Çörəklər və Un Məmulatları/Zavod Çörəkləri,0,False,0,https://wolt-menu-images-cdn.wolt.com/menu-images/66f6a23f86a34ceec78687fc/b422c3a6-9209-11ef-92e3-0e998510c3c0_296626.jpg
7e5d17a38e3ffba42899ab6f,Un Məmulatları Ədəd ilə,un-mmulatlar-dd-il-52,Çörəklər və Un Məmulatları/Un Məmulatları Ədəd ilə,0,False,0,https://wolt-menu-images-cdn.wolt.com/menu-images/66348f21f221b23d85139cf6/d2026e52-1d84-11ef-a6ff-a6b2b71c06af_11111.png
ed2f8aab2f5108d0dfd508f4,Yerli Şirniyyatlar,yerli-sirniyyatlar-55,Çörəklər və Un Məmulatları/Yerli Şirniyyatlar,0,False,0,https://wolt-menu-images-cdn.wolt.com/menu-images/672b2063a6c24d27db115384/5d99deb4-fdae-11ef-b8e3-fe3f4a9e4007_663804.jpg
897ef599bfff747d49f0c67f,"Makaron, Düyü və Bakliyyat Məhsulları",makaron-duyu-v-bakliyyat-mhsullar-56,"Makaron, Düyü və Bakliyyat Məhsulları",0,True,0,https://wolt-menu-images-cdn.wolt.com/menu-images/690371862846c5de1fc76190/ef192086-c903-11f0-9a3d-5244cc92091d_makaron__du_yu__v__bakliyyat_m_hsullar_.png
1fabddd11d0aa617ad298271,Makaronlar,makaronlar-57,"Makaron, Düyü və Bakliyyat Məhsulları/Makaronlar",0,False,0,https://wolt-menu-images-cdn.wolt.com/menu-images/66348f21f221b23d85139cf6/ebd9bf6e-0ba6-11ef-957c-568f05d8de61_223826.jpg
a68ef0427b81c4b331e23b6d,Düyülər,duyulr-58,"Makaron, Düyü və Bakliyyat Məhsulları/Düyülər",0,False,0,https://wolt-menu-images-cdn.wolt.com/menu-images/66348f21f221b23d85139cf6/38ce5232-0925-11ef-ae65-16b5d6efcecb_210783.jpg
6ae1831d9659aaa5ced2e818,Bakliyyat Məhsulları,bakliyyat-mhsullar-59,"Makaron, Düyü və Bakliyyat Məhsulları/Bakliyyat Məhsulları",0,False,0,https://wolt-menu-images-cdn.wolt.com/menu-images/shared/c2b9bc04-ccff-11ef-bc20-26dd0426e9df_kasze_bulgur_photoroom.jpg
a2cb5bca49915ed9f2a72321,Sous və Ədviyyat Məhsulları,sous-v-dviyyat-mhsullar-60,Sous və Ədviyyat Məhsulları,0,True,0,https://wolt-menu-images-cdn.wolt.com/menu-images/690371862846c5de1fc76190/ca3a164a-c498-11f0-972f-323e7ca0f1b4_sous_v___dviyyat_m_hsullar_.png
634f2504a74abfca07d819ff,Ədviyyatlar,dviyyatlar-61,Sous və Ədviyyat Məhsulları/Ədviyyatlar,0,False,0,https://wolt-menu-images-cdn.wolt.com/menu-images/66348f21f221b23d85139cf6/1f3a4680-0927-11ef-94aa-ee53159dff14_229056.jpg
9a9b43ca86bf71bd220acc9a,Duz,duz-62,Sous və Ədviyyat Məhsulları/Duz,0,False,0,https://wolt-menu-images-cdn.wolt.com/menu-images/66348f21f221b23d85139cf6/22986d86-0925-11ef-866c-4e28d3d2207b_210619.jpg
147ad58b9391c0697350278c,"Ketçup, Xardal və Narşərablar",ketcup-xardal-v-narsrablar-63,"Sous və Ədviyyat Məhsulları/Ketçup, Xardal və Narşərablar",0,False,0,https://wolt-menu-images-cdn.wolt.com/menu-images/66348f21f221b23d85139cf6/3e3bf2fc-0924-11ef-8aa0-e6fbc3e1a25f_663867.jpg
2f4ab0ca2fd35a91a3769593,Digər Souslar,digr-souslar-64,Sous və Ədviyyat Məhsulları/Digər Souslar,0,False,0,https://wolt-menu-images-cdn.wolt.com/menu-images/66348f21f221b23d85139cf6/9dfa31be-0ba8-11ef-b2ba-a25cba9de1b3_628774.jpg
f00d165792d3bcb75109cb63,Bulyonlar,bulyonlar-65,Sous və Ədviyyat Məhsulları/Bulyonlar,0,False,0,https://wolt-menu-images-cdn.wolt.com/menu-images/66348f21f221b23d85139cf6/1f3a4680-0927-11ef-94aa-ee53159dff14_229056.jpg
52a601ed04400632e2b97ed0,Şəkər və Un Məhsulları,skr-v-un-mhsullar-66,Şəkər və Un Məhsulları,0,True,0,https://wolt-menu-images-cdn.wolt.com/menu-images/690371862846c5de1fc76190/2171b6be-c49b-11f0-85a1-2e3255cfb41b_s__k_r_v__unlar.png
9bf275bee399bcb24ccc999d,Şəkər Məhsulları,skr-mhsullar-67,Şəkər və Un Məhsulları/Şəkər Məhsulları,0,False,0,https://wolt-menu-images-cdn.wolt.com/menu-images/672b2063a6c24d27db115384/1edef3f8-7a18-11f0-954d-867a1daf2ebd_wmx_s_111111.jpg
cd18a86d72bf88698d09e680,Un Məhsulları,un-mhsullar-68,Şəkər və Un Məhsulları/Un Məhsulları,0,False,0,https://wolt-menu-images-cdn.wolt.com/menu-images/672b2063a6c24d27db115384/fcb7d018-7a14-11f0-a7de-320e93f3371b_wmx_s_111111.jpg
374452092d2822c3fc31251c,Bişirmə Əlavələri,bisirm-lavlri-69,Şəkər və Un Məhsulları/Bişirmə Əlavələri,0,False,0,https://wolt-menu-images-cdn.wolt.com/menu-images/66348f21f221b23d85139cf6/4199882e-0c53-11ef-9d0c-52d5d80fdfcc_212896.jpg
fc1943da29baa649ae9771c8,Çaylar,caylar-70,Çaylar,0,True,0,https://wolt-menu-images-cdn.wolt.com/menu-images/690371862846c5de1fc76190/a5c94ac4-c498-11f0-ad20-323e7ca0f1b4_c_aylar.png
e9f82e4db19a273a4110e34c,Qara Çaylar,qara-caylar-71,Çaylar/Qara Çaylar,0,False,0,https://wolt-menu-images-cdn.wolt.com/menu-images/672b2063a6c24d27db115384/e6d6a88c-a2c3-11f0-b5f9-de270011e2fa_wmx_s_111111.jpg
56a70ca2b39ff725d2583a1b,Yaşıl Çaylar,yasl-caylar-72,Çaylar/Yaşıl Çaylar,0,False,0,https://wolt-menu-images-cdn.wolt.com/menu-images/672b2063a6c24d27db115384/b6447f6a-3567-11f0-9eef-5601b27dfbc7_247563.jpg
19fc8c300c61f918d38a397b,Bitki Çayları,bitki-caylar-73,Çaylar/Bitki Çayları,0,False,0,https://wolt-menu-images-cdn.wolt.com/menu-images/66348f21f221b23d85139cf6/10383520-0927-11ef-9ee4-1acd5b5fc077_227060.jpg
5b589944eb95b4a1279747bb,Sallama Çaylar,sallama-caylar-74,Çaylar/Sallama Çaylar,0,False,0,https://wolt-menu-images-cdn.wolt.com/menu-images/66348f21f221b23d85139cf6/bd20f760-0925-11ef-94aa-ee53159dff14_215338.jpg
d85385b7fb68ba381756d4d9,Qəhvə və Kakaolar,qhv-v-kakaolar-75,Qəhvə və Kakaolar,0,True,0,https://wolt-menu-images-cdn.wolt.com/menu-images/690371862846c5de1fc76190/fe8f4dba-c903-11f0-a975-ceee551cd8c6_q_hv__v__kakaolar.png
10f664f628bb56f605541268,3-ü 1-də Qəhvələr,3-u-1-d-qhvlr-76,Qəhvə və Kakaolar/3-ü 1-də Qəhvələr,0,False,0,https://wolt-menu-images-cdn.wolt.com/menu-images/66348f21f221b23d85139cf6/6beb7e00-0926-11ef-8882-6e137a3e0c5f_223595.jpg
35a2bc086125695ce0302a97,Həll Olunan Qəhvələr,hll-olunan-qhvlr-77,Qəhvə və Kakaolar/Həll Olunan Qəhvələr,0,False,0,https://wolt-menu-images-cdn.wolt.com/menu-images/672b2063a6c24d27db115384/fcd9af02-6886-11f0-a755-4a0974b192ba_747166.jpg
d264c03e8e5ee455af0a1a2f,Dənəvər Qəhvələr,dnvr-qhvlr-78,Qəhvə və Kakaolar/Dənəvər Qəhvələr,0,False,0,https://wolt-menu-images-cdn.wolt.com/menu-images/66f6a23f86a34ceec78687fc/ad48b20a-920b-11ef-b161-fe455b11545e_601051.jpg
52629270aa9e399556e56c65,Kapsullar,kapsullar-79,Qəhvə və Kakaolar/Kapsullar,0,False,0,https://wolt-menu-images-cdn.wolt.com/menu-images/672b2063a6c24d27db115384/9b2350d4-6619-11f0-8739-c2f942925077_747169.jpg
dc87b82628f534cd7fe80dc4,Kakaolar,kakaolar-80,Qəhvə və Kakaolar/Kakaolar,0,False,0,https://wolt-menu-images-cdn.wolt.com/menu-images/66348f21f221b23d85139cf6/17be8d84-0923-11ef-bde4-326848cc3a34_606903.jpg
84b71d8b5a88bf7a6abed5a3,Qəhvə Əlavələri,qhv-lavlri-81,Qəhvə və Kakaolar/Qəhvə Əlavələri,0,False,0,https://wolt-menu-images-cdn.wolt.com/menu-images/672b2063a6c24d27db115384/63b1ca44-b4b2-11f0-8845-d2dde380109b_767144__1_.png
d7ddcce948763dd6b1cd400d,Hazır Səhər Yeməkləri,hazr-shr-yemklri-82,Hazır Səhər Yeməkləri,0,True,0,https://wolt-menu-images-cdn.wolt.com/menu-images/690371862846c5de1fc76190/cea73572-c903-11f0-9f7a-ea25595e8de0_haz_r_s_h_r_yem_kl_ri.png
fbad58c58a210d7bd9f7ef21,Taxıl Məhsulları və Müslilər,taxl-mhsullar-v-muslilr-83,Hazır Səhər Yeməkləri/Taxıl Məhsulları və Müslilər,0,False,0,https://wolt-menu-images-cdn.wolt.com/menu-images/672b2063a6c24d27db115384/dcffe73e-2bda-11f0-a5bf-06f1072f3aca_224679.jpg
02d1637104a86e575dceee1d,Sıyıqlar,syqlar-84,Hazır Səhər Yeməkləri/Sıyıqlar,0,False,0,https://wolt-menu-images-cdn.wolt.com/menu-images/66348f21f221b23d85139cf6/0dfba110-0923-11ef-9f25-7629791318e1_605633.jpg
0174ea4716d09a24634d60a4,Qatılaşdırılmış Südlər,qatlasdrlms-sudlr-85,Hazır Səhər Yeməkləri/Qatılaşdırılmış Südlər,0,False,0,https://wolt-menu-images-cdn.wolt.com/menu-images/66348f21f221b23d85139cf6/3bd9257e-0925-11ef-93c0-36667e319bf5_210857.jpg
c11e37066d5b89c8a5eea3db,Krem Pastalar və Şokolad Yağları,krem-pastalar-v-sokolad-yaglar-86,Hazır Səhər Yeməkləri/Krem Pastalar və Şokolad Yağları,0,False,0,https://wolt-menu-images-cdn.wolt.com/menu-images/66348f21f221b23d85139cf6/c6dc14a8-0928-11ef-9273-f65405270716_309999.jpg
40f814b7cfe9fcea088508e9,"Bal, Cem və Mürəbbələr",bal-cem-v-murbblr-87,"Hazır Səhər Yeməkləri/Bal, Cem və Mürəbbələr",0,False,0,https://wolt-menu-images-cdn.wolt.com/menu-images/672b2063a6c24d27db115384/6196d30a-3567-11f0-a623-e20bb4f83ece_210566.jpg
2cd0aff36196ee40d1ae1a01,Hazır Qida Məhsulları,hazr-qida-mhsullar-88,Hazır Qida Məhsulları,0,True,0,https://wolt-menu-images-cdn.wolt.com/menu-images/690371862846c5de1fc76190/066c7caa-c49b-11f0-94ed-36dbdf2efb27_haz_r_qidalar.png
3dc3c909f4ccbcf176d3bdaa,Hazır Yeməklər,hazr-yemklr-89,Hazır Qida Məhsulları/Hazır Yeməklər,0,False,0,https://wolt-menu-images-cdn.wolt.com/menu-images/66348f21f221b23d85139cf6/c57e272e-0921-11ef-9f26-22d6e8de5ca5_510722.jpg
5dfeb9245ee0716a03369a44,Asiya Mətbəxi Məhsulları,asiya-mtbxi-mhsullar-90,Hazır Qida Məhsulları/Asiya Mətbəxi Məhsulları,0,False,0,https://wolt-menu-images-cdn.wolt.com/menu-images/66f6a23f86a34ceec78687fc/19900ad6-920b-11ef-a487-2a77c13b9064_534800.jpg
ec3d6182fce72a2e33342fa9,Konservlər və Suplar,konservlr-v-suplar-91,Konservlər və Suplar,0,True,0,https://wolt-menu-images-cdn.wolt.com/menu-images/690371862846c5de1fc76190/0ee4842c-c49b-11f0-ac59-62dfa79b7750_konservl_r_v__suplar.png
a612d4d9acb2a1e6d4b2cf67,Ət Konservləri,t-konservlri-92,Konservlər və Suplar/Ət Konservləri,0,False,0,https://wolt-menu-images-cdn.wolt.com/menu-images/672b2063a6c24d27db115384/9deace70-0ec9-11f0-b55b-b6a9676596a1_111111.jpg
8dde42f87ecdc70db612fd00,Balıq Konservləri,balq-konservlri-93,Konservlər və Suplar/Balıq Konservləri,0,False,0,https://wolt-menu-images-cdn.wolt.com/menu-images/672b2063a6c24d27db115384/9deace70-0ec9-11f0-b55b-b6a9676596a1_111111.jpg
132075d62ffa6fb6ce2ac460,Konservləşdirilmiş Tərəvəzlər və Pastalar,konservlsdirilmis-trvzlr-v-pastalar-94,Konservlər və Suplar/Konservləşdirilmiş Tərəvəzlər və Pastalar,0,False,0,https://wolt-menu-images-cdn.wolt.com/menu-images/66348f21f221b23d85139cf6/0a3c7fea-0ba8-11ef-b06a-f2a986b53070_559701.jpg
22f0c18fc1198feda13ee5dc,Meyvə Konservləri,meyv-konservlri-95,Konservlər və Suplar/Meyvə Konservləri,0,False,0,https://wolt-menu-images-cdn.wolt.com/menu-images/672b2063a6c24d27db115384/71bf51d4-72b2-11f0-8182-92984a240ce7_281078.jpg
cb66953f50ca5c71e900d8f4,Soyulmuş Pomidorlar,soyulmus-pomidorlar-96,Konservlər və Suplar/Soyulmuş Pomidorlar,0,False,0,https://wolt-menu-images-cdn.wolt.com/menu-images/66348f21f221b23d85139cf6/c11bc836-0920-11ef-90e6-dea2ea2cbc41_399698.jpg
b55a22543ceaef772c90b6a1,Tərəvəz Kürüləri,trvz-kurulri-97,Konservlər və Suplar/Tərəvəz Kürüləri,0,False,0,https://wolt-menu-images-cdn.wolt.com/menu-images/66348f21f221b23d85139cf6/29ca4f3c-0ba7-11ef-98df-82442ccc58cd_280418.jpg
22f77eb1889a49adea21afeb,Tərəvəz Salatları,trvz-salatlar-98,Konservlər və Suplar/Tərəvəz Salatları,0,False,0,https://wolt-menu-images-cdn.wolt.com/menu-images/66348f21f221b23d85139cf6/99207a9c-0ba6-11ef-9630-568f05d8de61_211121.jpg
c8f2476e57e326e60e64a939,Suplar,suplar-99,Konservlər və Suplar/Suplar,0,False,0,https://wolt-menu-images-cdn.wolt.com/menu-images/66348f21f221b23d85139cf6/f3cde7ac-5c66-11ef-bf04-2e559890da74_11111.png
61622374743716cf168b7e54,Turşu Məhsulları,tursu-mhsullar-100,Turşu Məhsulları,0,True,0,https://wolt-menu-images-cdn.wolt.com/menu-images/690371862846c5de1fc76190/0769988c-c904-11f0-8ad9-466bcfd88024_turs_u_m_hsullar_.png
478fa8515d086bbaead22405,Xiyar Turşuları,xiyar-tursular-101,Turşu Məhsulları/Xiyar Turşuları,0,False,0,https://wolt-menu-images-cdn.wolt.com/menu-images/66348f21f221b23d85139cf6/8cbbbeca-0c54-11ef-b43a-f23dd58922df_415982.jpg
b4124efcfcfa7dbf06e304be,Zeytun Turşuları,zeytun-tursular-102,Turşu Məhsulları/Zeytun Turşuları,0,False,0,https://wolt-menu-images-cdn.wolt.com/menu-images/66348f21f221b23d85139cf6/5f0d69e6-0926-11ef-b801-d2a8c559621a_223369.jpg
c801e0dc3eaeed3e4c6127d5,"Bibər, Həftəbecər və Digər Turşular",bibr-hftbecr-v-digr-tursular-103,"Turşu Məhsulları/Bibər, Həftəbecər və Digər Turşular",0,False,0,https://wolt-menu-images-cdn.wolt.com/menu-images/66348f21f221b23d85139cf6/f1ad88fc-0927-11ef-8dd0-7e5f9bc1047e_264113.jpg
7fa13d537cf1592703bcb821,Zeytun Məhsulları Çəki ilə,zeytun-mhsullar-cki-il-105,Turşu Məhsulları/Zeytun Məhsulları Çəki ilə,0,False,0,https://wolt-menu-images-cdn.wolt.com/menu-images/66f6a23f86a34ceec78687fc/5ade6096-920b-11ef-9bc4-3ad446b89788_572163.jpg
eab2bf423f414374bc570dba,Sağlam Qida Məhsulları,saglam-qida-mhsullar-106,Sağlam Qida Məhsulları,0,True,0,https://wolt-menu-images-cdn.wolt.com/menu-images/690371862846c5de1fc76190/1b657964-c904-11f0-9e4c-466bcfd88024_sag_lam_qida_m_hsullar_.png
fb9c2ae0f1b0b149e650a40d,Dietik Məhsullar,dietik-mhsullar-107,Sağlam Qida Məhsulları/Dietik Məhsullar,0,False,0,https://wolt-menu-images-cdn.wolt.com/menu-images/66348f21f221b23d85139cf6/c7ff6f94-5958-11ef-a7fa-ee8934cd483b_11111.png
3e365931cfad4510c7c6e047,Diabetik Məhsullar,diabetik-mhsullar-108,Sağlam Qida Məhsulları/Diabetik Məhsullar,0,False,0,https://wolt-menu-images-cdn.wolt.com/menu-images/66348f21f221b23d85139cf6/33e2014a-0927-11ef-b4f2-fe4b0e8e7749_229941.jpg
4fa66ca7f9b2740564384a27,Qlütensiz Məhsullar,qlutensiz-mhsullar-109,Sağlam Qida Məhsulları/Qlütensiz Məhsullar,0,False,0,https://wolt-menu-images-cdn.wolt.com/menu-images/66348f21f221b23d85139cf6/3ed09820-0920-11ef-abec-420e1e23df48_346353.jpg
6e2b40331a37b1ec7068b6c8,Orqanik Məhsullar,orqanik-mhsullar-110,Sağlam Qida Məhsulları/Orqanik Məhsullar,0,False,0,https://wolt-menu-images-cdn.wolt.com/menu-images/shared/a8822160-27f9-11ef-b875-eefed7081768_5900617040862_photoroom.jpg
31b048d1551fc4af3145218c,Şirniyyatlar,sirniyyatlar-111,Şirniyyatlar,0,True,0,https://wolt-menu-images-cdn.wolt.com/menu-images/690371862846c5de1fc76190/d6ef7f6a-c498-11f0-a9db-465a60a3cb4f_s_irniyyatlar.png
a3402bad1c6fc44f911511dc,Şokolad Batonları,sokolad-batonlar-112,Şirniyyatlar/Şokolad Batonları,0,False,0,https://wolt-menu-images-cdn.wolt.com/menu-images/shared/1ca31b2e-0baa-11ef-b198-f229382460e3_3800020453445.png
8f97b6bfd30f8fc42d36449b,Şokolad Barları,sokolad-barlar-113,Şirniyyatlar/Şokolad Barları,0,False,0,https://wolt-menu-images-cdn.wolt.com/menu-images/66348f21f221b23d85139cf6/dcb21158-0926-11ef-b3d0-ee9392124a88_225062.jpg
793466c735b5d7cbe04120fd,Şokolad Qutuları,sokolad-qutular-114,Şirniyyatlar/Şokolad Qutuları,0,False,0,https://wolt-menu-images-cdn.wolt.com/menu-images/66348f21f221b23d85139cf6/5603cbfc-0925-11ef-acfa-7e5f9bc1047e_211443.jpg
cab4ff9c472e6cb3a0e41317,Dubay Şokoladları,dubay-sokoladlar-115,Şirniyyatlar/Dubay Şokoladları,0,False,0,https://wolt-menu-images-cdn.wolt.com/menu-images/672b2063a6c24d27db115384/b6aa7308-5031-11f0-865f-fe6af9f617a4_753374.jpg
f3c61e207df2ce673df8727a,Qaleta və Peçenyelər,qaleta-v-pecenyelr-116,Şirniyyatlar/Qaleta və Peçenyelər,0,False,0,https://wolt-menu-images-cdn.wolt.com/menu-images/672b2063a6c24d27db115384/1373af5e-2bd5-11f0-a3cd-5e4af581fe6a_212620.jpg
91846b3bf3d7790d8c3f57d2,Marşmello və Zefirlər,marsmello-v-zefirlr-117,Şirniyyatlar/Marşmello və Zefirlər,0,False,0,https://wolt-menu-images-cdn.wolt.com/menu-images/66348f21f221b23d85139cf6/1c6a0078-0c54-11ef-8452-2eecad3978a1_285209.jpg
b435d6d42f8ff85ff0a7bc9a,Şokolad Yumurtaları,sokolad-yumurtalar-118,Şirniyyatlar/Şokolad Yumurtaları,0,False,0,https://wolt-menu-images-cdn.wolt.com/menu-images/shared/3dc19738-0bad-11ef-ba57-7248709ff226_kinder20.png
cab5b52f4e9d41b8d1ef55cf,Uşaqlar üçün Şirniyyatlar,usaqlar-ucun-sirniyyatlar-119,Şirniyyatlar/Uşaqlar üçün Şirniyyatlar,0,False,0,https://wolt-menu-images-cdn.wolt.com/menu-images/66348f21f221b23d85139cf6/9e8ff5c0-0c5a-11ef-b599-c6e2caa62404_223914.jpg
6404eca8595c6c44c6b60f3c,İçərisi Dolğulu Şirniyyatlar,icrisi-dolgulu-sirniyyatlar-120,Şirniyyatlar/İçərisi Dolğulu Şirniyyatlar,0,False,0,https://wolt-menu-images-cdn.wolt.com/menu-images/66348f21f221b23d85139cf6/9c49847a-0c5a-11ef-ad31-7a3d41fb6772_215537.jpg
b3945f1da741d28a45ed6790,Vaflilər,vaflilr-121,Şirniyyatlar/Vaflilər,0,False,0,https://wolt-menu-images-cdn.wolt.com/menu-images/66348f21f221b23d85139cf6/8288d798-0926-11ef-a6ee-e6f3dc9c4ab3_223786.jpg
198a2e526b355e60f069098a,Ruletlər və Biskvitlər,ruletlr-v-biskvitlr-123,Şirniyyatlar/Ruletlər və Biskvitlər,0,False,0,https://wolt-menu-images-cdn.wolt.com/menu-images/66348f21f221b23d85139cf6/0b29ec06-0c54-11ef-a517-e218caa77e7c_280374.jpg
7cecbb73946e11be31294804,Çəki Şirniyyatlar,cki-sirniyyatlar-124,Şirniyyatlar/Çəki Şirniyyatlar,0,False,0,https://wolt-menu-images-cdn.wolt.com/menu-images/672b2063a6c24d27db115384/0931c778-b87b-11f0-80be-4232331bb078_321747_0_0.png
34183b8135565642ca640e6f,Şirin Ləzzətlər,sirin-lzztlr-125,Şirin Ləzzətlər,0,True,0,https://wolt-menu-images-cdn.wolt.com/menu-images/690371862846c5de1fc76190/f841fbd4-c498-11f0-bb40-aa30cd5ba657_s_irin_l_zz_tl_r.png
84e16ae77394a44eadf91910,Halvalar,halvalar-126,Şirin Ləzzətlər/Halvalar,0,False,0,https://wolt-menu-images-cdn.wolt.com/menu-images/66348f21f221b23d85139cf6/c72b1c02-8636-11ef-b909-e2402135271f_11111.jpg
0520b3ff2679ad6b8f6acd3b,Kozinaklar,kozinaklar-127,Şirin Ləzzətlər/Kozinaklar,0,False,0,https://wolt-menu-images-cdn.wolt.com/menu-images/66348f21f221b23d85139cf6/affc8df4-0927-11ef-ac07-36667e319bf5_248404.jpg
7cb4b5d18e7e0fec00e9515c,Türk Şirniyyatları,turk-sirniyyatlar-128,Şirin Ləzzətlər/Türk Şirniyyatları,0,False,0,https://wolt-menu-images-cdn.wolt.com/menu-images/672b2063a6c24d27db115384/1a418ea2-5031-11f0-b069-b2a59dcb829a_735321.jpg
7ba629e125fd7342aa16b3fb,"Çips, Çərəz və Qəlyanaltılar",cips-crz-v-qlyanaltlar-129,"Çips, Çərəz və Qəlyanaltılar",0,True,0,https://wolt-menu-images-cdn.wolt.com/menu-images/690371862846c5de1fc76190/91df954a-c498-11f0-b037-cec5c72f181b_c_ips__c__r_z_v__q_lyanalt_lar.png
bc8e24a72471548eb307c8b5,Çipslər,cipslr-130,"Çips, Çərəz və Qəlyanaltılar/Çipslər",0,False,0,https://wolt-menu-images-cdn.wolt.com/menu-images/66348f21f221b23d85139cf6/eb005d0a-0926-11ef-949c-62737365a3a3_225311.jpg
76cb9e1b6153cb215a5bc4ed,Tumlar,tumlar-131,"Çips, Çərəz və Qəlyanaltılar/Tumlar",0,False,0,https://wolt-menu-images-cdn.wolt.com/menu-images/66348f21f221b23d85139cf6/8df1f190-0927-11ef-b753-36667e319bf5_244819.jpg
02b429f8987fbccb87a39a2f,Qəlyanaltılar,qlyanaltlar-132,"Çips, Çərəz və Qəlyanaltılar/Qəlyanaltılar",0,False,0,https://wolt-menu-images-cdn.wolt.com/menu-images/66348f21f221b23d85139cf6/f92de560-0920-11ef-a074-f6ce40ed4f4d_423072.jpg
f7d3ec3cbc123e2f66e51e5e,Quru Meyvə və Çərəzlər Ədəd ilə,quru-meyv-v-crzlr-dd-il-133,"Çips, Çərəz və Qəlyanaltılar/Quru Meyvə və Çərəzlər Ədəd ilə",0,False,0,https://wolt-menu-images-cdn.wolt.com/menu-images/66348f21f221b23d85139cf6/5ecb0470-0921-11ef-aa4c-623377adb5c6_471309.jpg
e1ad74f6d997b5954895771f,Quru Meyvə və Çərəzlər Çəki ilə,quru-meyv-v-crzlr-cki-il-134,"Çips, Çərəz və Qəlyanaltılar/Quru Meyvə və Çərəzlər Çəki ilə",0,False,0,https://wolt-menu-images-cdn.wolt.com/menu-images/672b2063a6c24d27db115384/14f1c468-111f-11f0-ac0b-c6effcaf89c0_111111.jpg
da465e65252f7344c0520aa9,Ağız Təravətləndiriciləri,agz-travtlndiricilri-135,Ağız Təravətləndiriciləri,0,True,0,https://wolt-menu-images-cdn.wolt.com/menu-images/690371862846c5de1fc76190/a3746b22-c903-11f0-9e16-029cc8161ac6_ag__z_t_rav_tl_ndiricil_ri.png
50b34ecc676e7b8017c51ea3,Kiçik Təravətləndirici Konfetlər,kicik-travtlndirici-konfetlr-136,Ağız Təravətləndiriciləri/Kiçik Təravətləndirici Konfetlər,0,False,0,https://wolt-menu-images-cdn.wolt.com/menu-images/66f6a23f86a34ceec78687fc/36d5fa94-9209-11ef-af23-3272caede671_227120.jpg
61c9909ae051221537cae362,Saqqızlar,saqqzlar-137,Ağız Təravətləndiriciləri/Saqqızlar,0,False,0,https://wolt-menu-images-cdn.wolt.com/menu-images/66348f21f221b23d85139cf6/73a697b0-0926-11ef-a107-b63f55152359_223697.jpg
35f5b556ade4633d8a3d787c,Uşaq Qidası və Baxımı Məhsulları,usaq-qidas-v-baxm-mhsullar-138,Uşaq Qidası və Baxımı Məhsulları,0,True,0,https://wolt-menu-images-cdn.wolt.com/menu-images/690371862846c5de1fc76190/f4adafc8-c49c-11f0-86bf-02f259240252_us_aq_m_hsullar_.png
2ec3976969c186e51d2b2be8,Uşaqlar üçün Peçenyelər,usaqlar-ucun-pecenyelr-139,Uşaq Qidası və Baxımı Məhsulları/Uşaqlar üçün Peçenyelər,0,False,0,https://wolt-menu-images-cdn.wolt.com/menu-images/66348f21f221b23d85139cf6/8d07ad20-0926-11ef-b397-8a92e9e5950d_223809.jpg
34e8475e508d06e57598f000,Uşaq Qidaları,usaq-qidalar-140,Uşaq Qidası və Baxımı Məhsulları/Uşaq Qidaları,0,False,0,https://wolt-menu-images-cdn.wolt.com/menu-images/66f6a23f86a34ceec78687fc/4e1133ea-9209-11ef-b0c5-c6652157132c_236657.jpg
f251055947dad660aba755ea,Uşaq Bezləri və Nəm Gigiyenik Salfetlər,usaq-bezlri-v-nm-gigiyenik-salfetlr-141,Uşaq Qidası və Baxımı Məhsulları/Uşaq Bezləri və Nəm Gigiyenik Salfetlər,0,False,0,https://wolt-menu-images-cdn.wolt.com/menu-images/shared/dbc64832-27c5-11ef-9eda-8ee3e9acc96b_2fc0e261_5089_5099_92a9_b5694ccf9296_photoroom__1_.jpg
0832713da0cec5439cbbbbee,Uşaqlar üçün Baxım Məhsulları,usaqlar-ucun-baxm-mhsullar-142,Uşaq Qidası və Baxımı Məhsulları/Uşaqlar üçün Baxım Məhsulları,0,False,0,https://wolt-menu-images-cdn.wolt.com/menu-images/66348f21f221b23d85139cf6/cb38c266-5a73-11ef-b698-725af1f99900_11111.png
bfc106855d214a03efe7a426,Spirtsiz İçkilər,spirtsiz-ickilr-143,Spirtsiz İçkilər,0,True,0,https://wolt-menu-images-cdn.wolt.com/menu-images/690371862846c5de1fc76190/8670f8c0-c498-11f0-b83b-829b76422057_spirtsiz_ic_kil_r.png
58f2ce1300e4f2ccb06f3011,Cola və Sodalar,cola-v-sodalar-144,Spirtsiz İçkilər/Cola və Sodalar,0,False,0,https://wolt-menu-images-cdn.wolt.com/menu-images/66348f21f221b23d85139cf6/2b9971d6-0921-11ef-9ab8-3a32cd81e906_447415.jpg
77aeae69c2b62dfb3c5fee59,Şirə və Nektarlar,sir-v-nektarlar-145,Spirtsiz İçkilər/Şirə və Nektarlar,0,False,0,https://wolt-menu-images-cdn.wolt.com/menu-images/66348f21f221b23d85139cf6/d8bf76fc-0927-11ef-8cd5-e6f3dc9c4ab3_257761.jpg
de549ab70cf8f9cbbdc6ce45,Kompotlar,kompotlar-146,Spirtsiz İçkilər/Kompotlar,0,False,0,https://wolt-menu-images-cdn.wolt.com/menu-images/66348f21f221b23d85139cf6/98496378-0925-11ef-b44d-ee12eac5ee60_213733.jpg
127c2f5d10fc6b28fdd46e48,Energetik və Sport İçkilər,energetik-v-sport-ickilr-147,Spirtsiz İçkilər/Energetik və Sport İçkilər,0,False,0,https://wolt-menu-images-cdn.wolt.com/menu-images/672b2063a6c24d27db115384/7ce8624a-3567-11f0-9ea3-da9ccc425a69_220495.jpg
21eb4fd80d1c99c9768023a6,Qazsız Sular,qazsz-sular-148,Spirtsiz İçkilər/Qazsız Sular,0,False,0,https://wolt-menu-images-cdn.wolt.com/menu-images/672b2063a6c24d27db115384/2e7c66f8-79a8-11f0-869d-f676f3435467_ulusu_qazsiz_su_pl_0.5lt_photoroom.jpg
2be61f809cefac8674c69fd7,Qazlı Sular,qazl-sular-149,Spirtsiz İçkilər/Qazlı Sular,0,False,0,https://wolt-menu-images-cdn.wolt.com/menu-images/672b2063a6c24d27db115384/0f176ffe-2bd5-11f0-899a-8e7eee58366e_208449.jpg
f10a910bfcd85d38a2944383,Sağlam Sular,saglam-sular-150,Spirtsiz İçkilər/Sağlam Sular,0,False,0,https://wolt-menu-images-cdn.wolt.com/menu-images/672b2063a6c24d27db115384/e3b60f12-0408-11f0-bcf6-0e8057a544b5_663014.jpg
ccbf93f9325cfd2592d020b7,XXL Sular,xxl-sular-151,Spirtsiz İçkilər/XXL Sular,0,False,0,https://wolt-menu-images-cdn.wolt.com/menu-images/672b2063a6c24d27db115384/70b3096e-79a8-11f0-93ee-76ff00361984_ulusu_qazsiz_su_pl_10lt_photoroom.jpg
54f71cd61d20a86e831adc26,"Soyuq Çaylar, Kofelər və Digər Şirin İçkilər",soyuq-caylar-kofelr-v-digr-sirin-ickilr-152,"Spirtsiz İçkilər/Soyuq Çaylar, Kofelər və Digər Şirin İçkilər",0,False,0,https://wolt-menu-images-cdn.wolt.com/menu-images/66348f21f221b23d85139cf6/24d2a7ea-0922-11ef-9cf4-7629791318e1_544329.jpg
42bcdda0c4ad32f7501d5e20,Limonadlar,limonadlar-153,Spirtsiz İçkilər/Limonadlar,0,False,0,https://wolt-menu-images-cdn.wolt.com/menu-images/66348f21f221b23d85139cf6/7171e7a0-0927-11ef-9811-7e5f9bc1047e_240159.jpg
65845b834678285de317a8cd,Spirtli İçkilər,spirtli-ickilr-154,Spirtli İçkilər,0,True,0,https://wolt-menu-images-cdn.wolt.com/menu-images/690371862846c5de1fc76190/bc0eb756-c498-11f0-b68b-f2be9f9e47c7_spirtli_ic_kil_r.png
a9138dcc9906678a07f23aa2,Pivələr,pivlr-155,Spirtli İçkilər/Pivələr,0,False,0,https://wolt-menu-images-cdn.wolt.com/menu-images/66348f21f221b23d85139cf6/49ae7c88-0927-11ef-bcb3-6e137a3e0c5f_234422.jpg
c31d787c411b4670bfe851d4,Spirtsiz Pivələr,spirtsiz-pivlr-156,Spirtli İçkilər/Spirtsiz Pivələr,0,False,0,https://wolt-menu-images-cdn.wolt.com/menu-images/66348f21f221b23d85139cf6/d9c387cc-0ba8-11ef-a7ea-a25cba9de1b3_669047.jpg
a62724b7801dca23d9ad7167,Araqlar,araqlar-157,Spirtli İçkilər/Araqlar,0,False,0,https://wolt-menu-images-cdn.wolt.com/menu-images/66348f21f221b23d85139cf6/f0cb3b7c-0923-11ef-a3e2-3ee8389cf23c_637104.jpg
9440dfe07a1e0b6dac6e639c,Viskilər,viskilr-158,Spirtli İçkilər/Viskilər,0,False,0,https://wolt-menu-images-cdn.wolt.com/menu-images/66348f21f221b23d85139cf6/dd91f1c6-0c53-11ef-be3e-aa82fad979df_257809.jpg
b5c32e408e43f3d9da73a97c,Elit İçkilər (Digər),elit-ickilr-digr-159,Spirtli İçkilər/Elit İçkilər (Digər),0,False,0,https://wolt-menu-images-cdn.wolt.com/menu-images/66348f21f221b23d85139cf6/b2bcd4d4-0c53-11ef-b7d4-e229d835f0fd_234240.jpg
b85cdc303421cd266ecf03f3,Qırmızı Şərablar,qrmz-srablar-160,Spirtli İçkilər/Qırmızı Şərablar,0,False,0,https://wolt-menu-images-cdn.wolt.com/menu-images/shared/d57b66c8-1452-11ef-bbc5-3ac232b0e2fe_4760019801819.jpg
718717772791041e0363059e,Ağ Şərablar,ag-srablar-161,Spirtli İçkilər/Ağ Şərablar,0,False,0,https://wolt-menu-images-cdn.wolt.com/menu-images/672b2063a6c24d27db115384/0b89929e-3568-11f0-851c-b2ea051e1b6e_398815.jpg
b72f9b1aa379501e1ca24650,Çəhrayı Şərablar,chray-srablar-162,Spirtli İçkilər/Çəhrayı Şərablar,0,False,0,https://wolt-menu-images-cdn.wolt.com/menu-images/66f6a23f86a34ceec78687fc/c29f0be0-920b-11ef-b535-3ad446b89788_608789.jpg
212fbfc243c0100f8dd19cc9,Oynaq Şərablar,oynaq-srablar-163,Spirtli İçkilər/Oynaq Şərablar,0,False,0,https://wolt-menu-images-cdn.wolt.com/menu-images/66348f21f221b23d85139cf6/e2b82b5c-0c53-11ef-89ea-5e3c7770ec18_264594.jpg
9262f3bfcf673179d11c2b41,Spirtli kokteyllər,spirtli-kokteyllr-164,Spirtli İçkilər/Spirtli kokteyllər,0,False,0,https://wolt-menu-images-cdn.wolt.com/menu-images/66348f21f221b23d85139cf6/c82ae592-0922-11ef-85b5-8e2a2e5ec958_593006.jpg
19be5ad515895fe88dbf1f3f,Yuyucu Vasitələr,yuyucu-vasitlr-165,Yuyucu Vasitələr,0,True,0,https://wolt-menu-images-cdn.wolt.com/menu-images/690371862846c5de1fc76190/5ad14310-c49c-11f0-94cb-7a1641096338_yuyucu_vasit_l_r.png
4c7db80741b1b7dcda3eeac2,Yuyucu Tozlar,yuyucu-tozlar-166,Yuyucu Vasitələr/Yuyucu Tozlar,0,False,0,https://wolt-menu-images-cdn.wolt.com/menu-images/66348f21f221b23d85139cf6/2c9beb16-79cf-11f0-9726-12e76554a067_wmx_s_111111.jpg
e8792bdca3fa67f4910d64f8,Yuyucu Mayelər,yuyucu-mayelr-167,Yuyucu Vasitələr/Yuyucu Mayelər,0,False,0,https://wolt-menu-images-cdn.wolt.com/menu-images/66348f21f221b23d85139cf6/389802da-0926-11ef-815a-ceaf381bb64c_221659.jpg
eac0332352080b9d2e64754c,Yuyucu Tabletlər,yuyucu-tabletlr-168,Yuyucu Vasitələr/Yuyucu Tabletlər,0,False,0,https://wolt-menu-images-cdn.wolt.com/menu-images/672b2063a6c24d27db115384/914c551a-ab2e-11f0-9b7b-b2c448b39776_8700216101318.jpg
462077f59b2125ec40faa69f,Ağardıcı Vasitələr,agardc-vasitlr-169,Yuyucu Vasitələr/Ağardıcı Vasitələr,0,False,0,https://wolt-menu-images-cdn.wolt.com/menu-images/66348f21f221b23d85139cf6/46066e56-79ce-11f0-934e-d69c7428a070_wmx_s_111111.jpg
97f979303f10f031e4139511,Yumşaldıcı Vasitələr,yumsaldc-vasitlr-170,Yuyucu Vasitələr/Yumşaldıcı Vasitələr,0,False,0,https://wolt-menu-images-cdn.wolt.com/menu-images/66348f21f221b23d85139cf6/6343fee8-79ce-11f0-96a6-6e4e44b9eb30_wmx_s_111111.jpg
578d99b05805d01c4c123e0b,Təmizlik və Məişət Məhsulları,tmizlik-v-mist-mhsullar-171,Təmizlik və Məişət Məhsulları,0,True,0,https://wolt-menu-images-cdn.wolt.com/menu-images/690371862846c5de1fc76190/7a618fdc-c49c-11f0-93ee-26f6ab16bdb4_t_mizlik_v__m_is__t_m_hsullar_.png
cfcd6fe2421fa04dd522a83f,"Mətbəx, Duş Otağı və Tualet Təmizləyici Vasitələr",mtbx-dus-otag-v-tualet-tmizlyici-vasitlr-172,"Təmizlik və Məişət Məhsulları/Mətbəx, Duş Otağı və Tualet Təmizləyici Vasitələr",0,False,0,https://wolt-menu-images-cdn.wolt.com/menu-images/66348f21f221b23d85139cf6/9404bfae-79ce-11f0-883d-aa133a5b954f_wmx_s_111111.jpg
c04c8afae709028879baa257,Mebel Parıldadıcısı və Cilası Məhsulları,mebel-parldadcs-v-cilas-mhsullar-173,Təmizlik və Məişət Məhsulları/Mebel Parıldadıcısı və Cilası Məhsulları,0,False,0,https://wolt-menu-images-cdn.wolt.com/menu-images/66348f21f221b23d85139cf6/9a44b0d8-0920-11ef-81d2-36667e319bf5_380281.jpg
7fa4c10c395fd5e715cb437d,Təmizləyici Tozlar,tmizlyici-tozlar-174,Təmizlik və Məişət Məhsulları/Təmizləyici Tozlar,0,False,0,https://wolt-menu-images-cdn.wolt.com/menu-images/shared/59b13cde-270d-11ef-8bfa-4e4bf25e8c8a_image_photoroom___2024_06_10t133933.511.jpg
9e610db4045268c795f0da9c,Şüşə və Pəncərə Təmizləyici Vasitələr,sus-v-pncr-tmizlyici-vasitlr-175,Təmizlik və Məişət Məhsulları/Şüşə və Pəncərə Təmizləyici Vasitələr,0,False,0,https://wolt-menu-images-cdn.wolt.com/menu-images/672b2063a6c24d27db115384/ba4dd9be-3240-11f0-914f-ca436f331f30_241511.jpg
3c37c6067e6722a4fe82fdd9,Qabyuyan Maye və Tabletlər,qabyuyan-maye-v-tabletlr-176,Təmizlik və Məişət Məhsulları/Qabyuyan Maye və Tabletlər,0,False,0,https://wolt-menu-images-cdn.wolt.com/menu-images/66348f21f221b23d85139cf6/cb07af98-0922-11ef-9de3-8e2a2e5ec958_593154.jpg
5dcee96315cda3873e7aff24,Hava Təravətləndiriciləri,hava-travtlndiricilri-177,Təmizlik və Məişət Məhsulları/Hava Təravətləndiriciləri,0,False,0,https://wolt-menu-images-cdn.wolt.com/menu-images/66348f21f221b23d85139cf6/d6c0c392-0922-11ef-aa1e-16b5d6efcecb_594212.jpg
2445471eca1eb2a724e62f14,Həşərat Məhv Edici Vasitələr,hsrat-mhv-edici-vasitlr-178,Təmizlik və Məişət Məhsulları/Həşərat Məhv Edici Vasitələr,0,False,0,https://wolt-menu-images-cdn.wolt.com/menu-images/66348f21f221b23d85139cf6/7181ca8e-0928-11ef-b233-0a673973543d_285971.jpg
e4ef301a7ecfc78cbbbe140a,Kağız Məhsulları,kagz-mhsullar-179,Kağız Məhsulları,0,True,0,https://wolt-menu-images-cdn.wolt.com/menu-images/690371862846c5de1fc76190/41fcd20a-c49c-11f0-9435-ce4165e03d1e_kag__z_m_hsullar_.png
78fe41a70b98ec5adedd9230,Salfetlər,salfetlr-180,Kağız Məhsulları/Salfetlər,0,False,0,https://wolt-menu-images-cdn.wolt.com/menu-images/672b2063a6c24d27db115384/ff3da602-9236-11f0-b6d9-726937e45680_wmx_s_111111.jpg
d38ebe935fa84867ef9a05a6,Nəm Salfetlər,nm-salfetlr-181,Kağız Məhsulları/Nəm Salfetlər,0,False,0,https://wolt-menu-images-cdn.wolt.com/menu-images/66348f21f221b23d85139cf6/3618cfe2-0928-11ef-bd39-ee9392124a88_278372.jpg
ccbf304efbb981f6821d26e0,Mətbəx Kağızları,mtbx-kagzlar-182,Kağız Məhsulları/Mətbəx Kağızları,0,False,0,https://wolt-menu-images-cdn.wolt.com/menu-images/672b2063a6c24d27db115384/b77ea762-9236-11f0-8ed3-5668cd33f9fb_wmx_s_111111.jpg
c2f5a7697909d3cc340f0c0f,Tualet Kağızları,tualet-kagzlar-183,Kağız Məhsulları/Tualet Kağızları,0,False,0,https://wolt-menu-images-cdn.wolt.com/menu-images/66348f21f221b23d85139cf6/d8a79524-0ba6-11ef-984c-9addb7935a9f_223151.jpg
a4fcb2009a4da78f4f80e51e,Üz və Bədən Baxımı Məhsulları,uz-v-bdn-baxm-mhsullar-184,Üz və Bədən Baxımı Məhsulları,0,True,0,https://wolt-menu-images-cdn.wolt.com/menu-images/690371862846c5de1fc76190/9e5abe36-c49c-11f0-bb75-864cb8dbc8db_u_z_v__b_d_n_bax_m__m_hsullar_.png
3cf8373b27dd2a0776556a0d,Dezodarantlar,dezodarantlar-185,Üz və Bədən Baxımı Məhsulları/Dezodarantlar,0,False,0,https://wolt-menu-images-cdn.wolt.com/menu-images/66348f21f221b23d85139cf6/43560e10-0926-11ef-a9d3-f6ce40ed4f4d_222866.jpg
01d1e93ce3c5f3e0f6456368,Ətir və Kaloniyalar,tir-v-kaloniyalar-186,Üz və Bədən Baxımı Məhsulları/Ətir və Kaloniyalar,0,False,0,https://wolt-menu-images-cdn.wolt.com/menu-images/66348f21f221b23d85139cf6/b77d648c-0ba6-11ef-83ce-e26de682dd74_216101.jpg
cdceba7f0b535369f707f2fc,Duş Gelləri,dus-gellri-187,Üz və Bədən Baxımı Məhsulları/Duş Gelləri,0,False,0,https://wolt-menu-images-cdn.wolt.com/menu-images/66348f21f221b23d85139cf6/d2f0fc5a-0922-11ef-ba99-9eb1cdb29cc5_594199.jpg
4818731aea925f897681f36d,Sabunlar,sabunlar-188,Üz və Bədən Baxımı Məhsulları/Sabunlar,0,False,0,https://wolt-menu-images-cdn.wolt.com/menu-images/66348f21f221b23d85139cf6/d2965606-0927-11ef-a394-cafcb8bb5ae0_255971.jpg
61e4e12fa378ce3c984536e0,Qadınlar üçün Gigiyenik Məhsullar ,qadnlar-ucun-gigiyenik-mhsullar-189,Üz və Bədən Baxımı Məhsulları/Qadınlar üçün Gigiyenik Məhsullar ,0,False,0,https://wolt-menu-images-cdn.wolt.com/menu-images/66348f21f221b23d85139cf6/8a1fbce2-0921-11ef-9de0-766703b1d227_480534.jpg
b5260df874b428336b587bb1,Dəri Təmizləmə Məhsulları,dri-tmizlm-mhsullar-190,Üz və Bədən Baxımı Məhsulları/Dəri Təmizləmə Məhsulları,0,False,0,https://wolt-menu-images-cdn.wolt.com/menu-images/66348f21f221b23d85139cf6/02c006f2-0ba7-11ef-b99d-e2ef3708e63e_256058.jpg
793272c2a43a606194eece46,Dəriyə Baxım Məhsulları,driy-baxm-mhsullar-191,Üz və Bədən Baxımı Məhsulları/Dəriyə Baxım Məhsulları,0,False,0,https://wolt-menu-images-cdn.wolt.com/menu-images/672b2063a6c24d27db115384/6e5a9a40-dd6a-11ef-a5dd-7ebd7e26de78_42163190.jpg
9247d7bbf2c6078f055c6be3,Kosmetik Məhsullar,kosmetik-mhsullar-192,Üz və Bədən Baxımı Məhsulları/Kosmetik Məhsullar,0,False,0,https://wolt-menu-images-cdn.wolt.com/menu-images/66348f21f221b23d85139cf6/1e646e56-0ba8-11ef-b005-7248709ff226_578094.jpg
a8b4b6fc15a95f7a17701ffc,Diş Baxımı Məhsulları,dis-baxm-mhsullar-193,Üz və Bədən Baxımı Məhsulları/Diş Baxımı Məhsulları,0,False,0,https://wolt-menu-images-cdn.wolt.com/menu-images/66348f21f221b23d85139cf6/68120656-0925-11ef-8f7c-a2400595d414_212140.jpg
914d49719dcfbc4f180a3fb9,Kişilər üçün Təraş Məhsulları,kisilr-ucun-tras-mhsullar-194,Üz və Bədən Baxımı Məhsulları/Kişilər üçün Təraş Məhsulları,0,False,0,https://wolt-menu-images-cdn.wolt.com/menu-images/66348f21f221b23d85139cf6/86cf7b8c-0920-11ef-9ec2-1acd5b5fc077_374637.jpg
6e2d0c56db4a65a9c2ad945b,Qadınlar üçün Təraş Məhsulları,qadnlar-ucun-tras-mhsullar-195,Üz və Bədən Baxımı Məhsulları/Qadınlar üçün Təraş Məhsulları,0,False,0,https://wolt-menu-images-cdn.wolt.com/menu-images/66348f21f221b23d85139cf6/723a197c-0923-11ef-83e4-16b5d6efcecb_618042.jpg
20ad838335222a23988b7c02,Manikür və Pedikür Məhsulları,manikur-v-pedikur-mhsullar-196,Üz və Bədən Baxımı Məhsulları/Manikür və Pedikür Məhsulları,0,False,0,https://wolt-menu-images-cdn.wolt.com/menu-images/66348f21f221b23d85139cf6/ede7f5ba-0925-11ef-8176-7e5f9bc1047e_217045.jpg
433aba1dcaf689ff484d9bd1,Günəş Kremi və SPF-lər,guns-kremi-v-spf-lr-197,Üz və Bədən Baxımı Məhsulları/Günəş Kremi və SPF-lər,0,False,0,https://wolt-menu-images-cdn.wolt.com/menu-images/66f6a23f86a34ceec78687fc/b1460ecc-9209-11ef-9172-6ea684d70eb5_293667.jpg
5952ecdb8edcd37197ebf449,Hamam Aksesuarları,hamam-aksesuarlar-199,Üz və Bədən Baxımı Məhsulları/Hamam Aksesuarları,0,False,0,https://wolt-menu-images-cdn.wolt.com/menu-images/672b2063a6c24d27db115384/c009bbae-edd3-11ef-b52f-2ec7fa8d6936_4823015933868.jpg
ac91a57245b7ee9beba3b26a,Saç Baxımı Məhsulları,sac-baxm-mhsullar-200,Saç Baxımı Məhsulları,0,True,0,https://wolt-menu-images-cdn.wolt.com/menu-images/690371862846c5de1fc76190/fe756e1a-c49c-11f0-b088-6233916227b1_sac__bax_m__m_hsullar_.png
4409945c3e0500fda47d223c,Şampunlar,sampunlar-201,Saç Baxımı Məhsulları/Şampunlar,0,False,0,https://wolt-menu-images-cdn.wolt.com/menu-images/66348f21f221b23d85139cf6/bd75f2d6-0922-11ef-9e53-ee12eac5ee60_592457.jpg
d8858648e08a4b73606c6f23,Saç Boyaları,sac-boyalar-202,Saç Baxımı Məhsulları/Saç Boyaları,0,False,0,https://wolt-menu-images-cdn.wolt.com/menu-images/672b2063a6c24d27db115384/97d6970e-beb9-11ef-80cc-ae9571e24916_4015100185133.jpg
1dd741560b54b42533c542fa,Saça Qulluq Məhsulları,saca-qulluq-mhsullar-203,Saç Baxımı Məhsulları/Saça Qulluq Məhsulları,0,False,0,https://wolt-menu-images-cdn.wolt.com/menu-images/66348f21f221b23d85139cf6/cf129368-0928-11ef-a5bf-22d6e8de5ca5_312062.jpg
69e208b0b2ef4df77ba14c15,Saç Düzümü Məhsulları,sac-duzumu-mhsullar-204,Saç Baxımı Məhsulları/Saç Düzümü Məhsulları,0,False,0,https://wolt-menu-images-cdn.wolt.com/menu-images/672b2063a6c24d27db115384/6a020c7a-dd6b-11ef-ba8b-567a8be526a1_4056800114078.jpg
522629eb1ddd2fcac48c6b6b,Tütün Məhsulları,tutun-mhsullar-205,Tütün Məhsulları,0,True,0,https://wolt-menu-images-cdn.wolt.com/menu-images/690371862846c5de1fc76190/83683810-c49c-11f0-9549-96bef6006f22_tu_tu_n_m_hsullar_.png
644ab5fbaa751d96bfa87642,Siqaretlər,siqaretlr-206,Tütün Məhsulları/Siqaretlər,0,False,0,https://wolt-menu-images-cdn.wolt.com/menu-images/shared/3b2f3122-1424-11ef-9d83-667682c5f3a6_772e3e8a_53cb_11ee_b6a0_feb983cdf19a_4032900153551.png
85a3b2642d2f817b4fe968fd,Elektron Siqaretlər,elektron-siqaretlr-207,Tütün Məhsulları/Elektron Siqaretlər,0,False,0,https://wolt-menu-images-cdn.wolt.com/menu-images/shared/08f9f672-1426-11ef-bc76-06baa589a365_frame_1.png
5c90dcd207f398fb52a84f83,Alışqanlar,alsqanlar-208,Tütün Məhsulları/Alışqanlar,0,False,0,https://wolt-menu-images-cdn.wolt.com/menu-images/672b2063a6c24d27db115384/33ab1182-d26f-11ef-a620-1aae7b70549a_716368.jpg
74cc77b45ecfeb058d34fa3a,Birdəfə İstifadəlik Məhsullar və Saxlama Qabları,birdf-istifadlik-mhsullar-v-saxlama-qablar-209,Birdəfə İstifadəlik Məhsullar və Saxlama Qabları,0,True,0,https://wolt-menu-images-cdn.wolt.com/menu-images/690371862846c5de1fc76190/b90418ac-c903-11f0-bc24-fea569285eb5_bird_f_lik_m_hsullar.png
32bf3287b4624bc0725ab2b8,Birdəfəlik Çəngəl-Qaşıq və Qablar,birdflik-cngl-qasq-v-qablar-210,Birdəfə İstifadəlik Məhsullar və Saxlama Qabları/Birdəfəlik Çəngəl-Qaşıq və Qablar,0,False,0,https://wolt-menu-images-cdn.wolt.com/menu-images/672b2063a6c24d27db115384/9538ac56-cc21-11ef-973a-129014f63ae9_4760163430095.jpg
57f442408af8fbed41b9eca6,Zibil Torbaları,zibil-torbalar-211,Birdəfə İstifadəlik Məhsullar və Saxlama Qabları/Zibil Torbaları,0,False,0,https://wolt-menu-images-cdn.wolt.com/menu-images/66348f21f221b23d85139cf6/2dfa4e66-0924-11ef-8e62-1acd5b5fc077_660465.jpg
254320f9d2de75aeb7ea845a,Saxlama Qabları,saxlama-qablar-212,Birdəfə İstifadəlik Məhsullar və Saxlama Qabları/Saxlama Qabları,0,False,0,https://wolt-menu-images-cdn.wolt.com/menu-images/672b2063a6c24d27db115384/f887ec72-cc21-11ef-972b-9a9a485d8f23_8696287302122.jpg
4a5a6d1d0ab90ec894a7d3af,Bişirmə Məhsulları,bisirm-mhsullar-213,Bişirmə Məhsulları,0,True,0,https://wolt-menu-images-cdn.wolt.com/menu-images/690371862846c5de1fc76190/303677ea-c908-11f0-94c3-a294f9028666_bis_irm__kag__zlar_.png
6ea846bb7385b0001530f122,Streclər,streclr-214,Bişirmə Məhsulları/Streclər,0,False,0,https://wolt-menu-images-cdn.wolt.com/menu-images/66f6a23f86a34ceec78687fc/095be77e-920c-11ef-bae0-fa748040e486_629106.jpg
64b95c2872d1aaea330be688,Alüminium Folqalar,aluminium-folqalar-215,Bişirmə Məhsulları/Alüminium Folqalar,0,False,0,https://wolt-menu-images-cdn.wolt.com/menu-images/66348f21f221b23d85139cf6/e5df2f5a-0920-11ef-9e52-4e28d3d2207b_418109.jpg
31ae6275498f7fa8a52b7017,Bişirmə Kağızları və Qabları,bisirm-kagzlar-v-qablar-216,Bişirmə Məhsulları/Bişirmə Kağızları və Qabları,0,False,0,https://wolt-menu-images-cdn.wolt.com/menu-images/666847e69fa74ad78bef2996/f1cc4ade-4f00-11ef-b4f7-ce0771185c2c_11111.png
3ff0f740e55a56cabb89fbbd,Ev Heyvanları üçün Məhsullar,ev-heyvanlar-ucun-mhsullar-217,Ev Heyvanları üçün Məhsullar,0,True,0,https://wolt-menu-images-cdn.wolt.com/menu-images/690371862846c5de1fc76190/1ac1ce42-c49d-11f0-a3f5-0e2d6d4cdea7_ev_heyvanlar_.png
e8d19c0d35735c82c2d1f2d1,Pişiklər üçün Yemlər 🐱,pisiklr-ucun-yemlr-218,Ev Heyvanları üçün Məhsullar/Pişiklər üçün Yemlər 🐱,0,False,0,https://wolt-menu-images-cdn.wolt.com/menu-images/66348f21f221b23d85139cf6/7691b298-0926-11ef-912c-ee9392124a88_223728.jpg
d4a99b7c38f7d66e52a7696b,İtlər üçün Yemlər 🐶,itlr-ucun-yemlr-219,Ev Heyvanları üçün Məhsullar/İtlər üçün Yemlər 🐶,0,False,0,https://wolt-menu-images-cdn.wolt.com/menu-images/66348f21f221b23d85139cf6/07c03dfa-0924-11ef-9176-b63f55152359_650067.jpg
e70146e7fc19a7aa0c66d1db,Aksesuarlar,aksesuarlar-221,Ev Heyvanları üçün Məhsullar/Aksesuarlar,0,False,0,https://wolt-menu-images-cdn.wolt.com/menu-images/672b2063a6c24d27db115384/2e3228cc-72b4-11f0-8433-1a13330600a4_750488.jpg
cf52b0301e8b575627a3ef7a,Xırdavat və Kiçik Ev Əşyaları,xrdavat-v-kicik-ev-syalar-222,Xırdavat və Kiçik Ev Əşyaları,0,True,0,https://wolt-menu-images-cdn.wolt.com/menu-images/690371862846c5de1fc76190/331071b8-c904-11f0-9fd5-fea569285eb5_x_rdavat_v__kic_ik_ev__s_layar_.png
8d463e0216a9e1498226354d,Süngərlər və Təmizləyici Ev Əşyaları,sungrlr-v-tmizlyici-ev-syalar-223,Xırdavat və Kiçik Ev Əşyaları/Süngərlər və Təmizləyici Ev Əşyaları,0,False,0,https://wolt-menu-images-cdn.wolt.com/menu-images/672b2063a6c24d27db115384/5ad2c1d0-2bd7-11f0-a4ac-2625bc4db082_315685.jpg
9d546f9e458a1a95d18ff5ae,Kiçik Ev Əşyaları,kicik-ev-syalar-224,Xırdavat və Kiçik Ev Əşyaları/Kiçik Ev Əşyaları,0,False,0,https://wolt-menu-images-cdn.wolt.com/menu-images/672b2063a6c24d27db115384/0b17b58c-beb9-11ef-b666-d27b0e9f6a28_6953659321948.jpg
4c524e71c988f48bdfbdb996,Yüngül Məişət Əşyaları,yungul-mist-syalar-225,Yüngül Məişət Əşyaları,0,True,0,https://wolt-menu-images-cdn.wolt.com/menu-images/690371862846c5de1fc76190/3ad93cc2-c904-11f0-8b2e-d6f97a1c5ec2_yu_ngu_l_m_is__t__s_yalar_.png
f4b5dfadd168bd9e0605757e,Batareyalar,batareyalar-226,Yüngül Məişət Əşyaları/Batareyalar,0,False,0,https://wolt-menu-images-cdn.wolt.com/menu-images/672b2063a6c24d27db115384/744cd96a-beb9-11ef-8cd0-12900f08e09c_5410853024705.jpg
8e5fe0ab472d13f459afcaa2,Lampalar,lampalar-227,Yüngül Məişət Əşyaları/Lampalar,0,False,0,https://wolt-menu-images-cdn.wolt.com/menu-images/672b2063a6c24d27db115384/60f86422-cc21-11ef-af06-8edf16d17f9a_4752075004440.jpg
9e4191f07233196572109525,Ayaqqabı Təmizləmə Məhsulları,ayaqqab-tmizlm-mhsullar-228,Yüngül Məişət Əşyaları/Ayaqqabı Təmizləmə Məhsulları,0,False,0,https://wolt-menu-images-cdn.wolt.com/menu-images/672b2063a6c24d27db115384/fd6656de-cc21-11ef-beac-9688019b0fab_8697422822932.jpg
c56a8374bbf7fedb4e5c1b18,Şamlar və Aromatik Difüzorlar,samlar-v-aromatik-difuzorlar-229,Yüngül Məişət Əşyaları/Şamlar və Aromatik Difüzorlar,0,False,0,https://wolt-menu-images-cdn.wolt.com/menu-images/672b2063a6c24d27db115384/642e69a2-fdae-11ef-840d-6addc4ca2979_665294.jpg
463ca9b0c7b6ea4708457c69,Oyuncaqlar,oyuncaqlar-230,Yüngül Məişət Əşyaları/Oyuncaqlar,0,False,0,https://wolt-menu-images-cdn.wolt.com/menu-images/672b2063a6c24d27db115384/c444a464-dd6a-11ef-99c4-f2e87abfee53_2057245243042.jpg
5f7239f01c64b4a97dc5a58f,Ofis və Məktəb Ləvazimatları,ofis-v-mktb-lvazimatlar-231,Yüngül Məişət Əşyaları/Ofis və Məktəb Ləvazimatları,0,False,0,https://wolt-menu-images-cdn.wolt.com/menu-images/672b2063a6c24d27db115384/b85b54b0-d26e-11ef-8120-2243cc2174f0_359661.jpg
5b14d35ce88e618c2e05a5d1,Avtomobil üçün Aksesuarlar,avtomobil-ucun-aksesuarlar-232,Yüngül Məişət Əşyaları/Avtomobil üçün Aksesuarlar,0,False,0,https://wolt-menu-images-cdn.wolt.com/menu-images/672b2063a6c24d27db115384/b6beaffc-d26f-11ef-adb6-16cd59d3276b_315651.jpg
b9e1335708ace2aa442be553,Digər Yüngül Məişət Əşyaları,digr-yungul-mist-syalar-234,Yüngül Məişət Əşyaları/Digər Yüngül Məişət Əşyaları,0,False,0,https://wolt-menu-images-cdn.wolt.com/menu-images/672b2063a6c24d27db115384/ec2ea8d4-72b2-11f0-abc5-ce64f738c8b6_451080.jpg
14d6db01b9e53bc1819716f3,Tekstil Məhsulları,tekstil-mhsullar-235,Tekstil Məhsulları,0,True,0,https://wolt-menu-images-cdn.wolt.com/menu-images/690371862846c5de1fc76190/2aefe5e0-c904-11f0-b999-6af17f07dc90_tekstil_m_hsullar_.png
1b677e1e78e63ff43eec0f1c,Aksesuarlar,aksesuarlar-236,Tekstil Məhsulları/Aksesuarlar,0,False,0,https://wolt-menu-images-cdn.wolt.com/menu-images/672b2063a6c24d27db115384/56fa07bc-a07b-11f0-9e11-8ab6b49f668c_567797.jpg
